{
  "results": [
    {
      "command": "turbo_tests -n 8",
      "mean": 0.35537361936,
      "stddev": 0.0018696517232224582,
      "median": 0.35488156916,
      "user": 0.8714019799999999,
      "system": 0.8871285799999999,
      "min": 0.35297269416,
      "max": 0.35731502816,
      "times": [
        0.35721944416,
        0.35731502816,
        0.35488156916,
        0.35297269416,
        0.35447936116
      ],
      "exit_codes": [
        1,
        1,
        1,
        1,
        1
      ]
    },
    {
      "command": "rux -n 8",
      "mean": 0.40785068576,
      "stddev": 0.0026992652350310764,
      "median": 0.40609777716,
      "user": 1.48882278,
      "system": 0.86614858,
      "min": 0.40568248616,
      "max": 0.41133569416000004,
      "times": [
        0.41133569416000004,
        0.40593215216,
        0.41020531916,
        0.40568248616,
        0.40609777716
      ],
      "exit_codes": [
        1,
        1,
        1,
        1,
        1
      ]
    },
    {
      "command": "rux -n 8 --streaming-json",
      "mean": 0.40624636076,
      "stddev": 0.0016364110311857137,
      "median": 0.40583302716,
      "user": 1.49134298,
      "system": 0.86697758,
      "min": 0.40437473516,
      "max": 0.40868273616,
      "times": [
        0.40868273616,
        0.40583302716,
        0.40437473516,
        0.40690894416,
        0.40543236116000003
      ],
      "exit_codes": [
        1,
        1,
        1,
        1,
        1
      ]
    }
  ]
}
