{
  "results": [
    {
      "command": "bundle exec turbo_tests",
      "mean": 0.41510645010666664,
      "stddev": 0.0014661849857962323,
      "median": 0.41471058844,
      "user": 1.3596200466666666,
      "system": 0.9600050266666665,
      "min": 0.41387883944000003,
      "max": 0.41672992244,
      "times": [
        0.41672992244,
        0.41471058844,
        0.41387883944000003
      ],
      "exit_codes": [
        0,
        0,
        0
      ]
    },
    {
      "command": "rux",
      "mean": 0.28867767244000003,
      "stddev": 0.009753419042016334,
      "median": 0.28579058944,
      "user": 1.3002997133333334,
      "system": 1.1294830266666667,
      "min": 0.28069371444,
      "max": 0.29954871344,
      "times": [
        0.28579058944,
        0.28069371444,
        0.29954871344
      ],
      "exit_codes": [
        0,
        0,
        0
      ]
    },
    {
      "command": "rux --workers 4",
      "mean": 0.5529194921066667,
      "stddev": 0.005601350155000246,
      "median": 0.55399308944,
      "user": 1.1842790466666664,
      "system": 0.5057250266666666,
      "min": 0.54685904744,
      "max": 0.55790633944,
      "times": [
        0.55399308944,
        0.54685904744,
        0.55790633944
      ],
      "exit_codes": [
        0,
        0,
        0
      ]
    },
    {
      "command": "rux --workers 8",
      "mean": 0.4121662277733334,
      "stddev": 0.01001341603025892,
      "median": 0.41073200544000005,
      "user": 1.2682587133333334,
      "system": 0.8709560266666667,
      "min": 0.40294725544000004,
      "max": 0.42281942244000004,
      "times": [
        0.40294725544000004,
        0.42281942244000004,
        0.41073200544000005
      ],
      "exit_codes": [
        0,
        0,
        0
      ]
    }
  ]
}
