{
  "commit": "c6b6da30a449da392ea0a9c597cad49aacb471b6",
  "timestamp": "20250528-082733",
  "rux_ruby": {
  "results": [
    {
      "command": "turbo_tests -n 8",
      "mean": 0.34451270184666666,
      "stddev": 0.0013455613649779414,
      "median": 0.34466177118,
      "user": 0.8605967266666665,
      "system": 0.8850648666666666,
      "min": 0.34309881318,
      "max": 0.34577752118,
      "times": [
        0.34309881318,
        0.34577752118,
        0.34466177118
      ],
      "exit_codes": [
        0,
        0,
        0
      ]
    },
    {
      "command": "rux -n 8",
      "mean": 0.40337610418,
      "stddev": 0.0034873926865209757,
      "median": 0.40238560418,
      "user": 1.4730810600000002,
      "system": 0.8418615333333334,
      "min": 0.40049110418,
      "max": 0.40725160418,
      "times": [
        0.40238560418,
        0.40049110418,
        0.40725160418
      ],
      "exit_codes": [
        0,
        0,
        0
      ]
    }
  ]
},
  "example-project": {
  "results": [
    {
      "command": "turbo_tests -n 8",
      "mean": 5.23617642796,
      "stddev": 0.06111490644561465,
      "median": 5.21620902496,
      "user": 7.237815153333333,
      "system": 4.19604204,
      "min": 5.18754264996,
      "max": 5.30477760896,
      "times": [
        5.18754264996,
        5.30477760896,
        5.21620902496
      ],
      "exit_codes": [
        0,
        0,
        0
      ]
    },
    {
      "command": "rux -n 8",
      "mean": 8.49964396896,
      "stddev": 0.04888569932165176,
      "median": 8.47419435796,
      "user": 14.720547486666666,
      "system": 8.167436039999998,
      "min": 8.46873335796,
      "max": 8.55600419096,
      "times": [
        8.46873335796,
        8.47419435796,
        8.55600419096
      ],
      "exit_codes": [
        0,
        0,
        0
      ]
    }
  ]
}
}
