{
  "results": [
    {
      "command": "turbo_tests -n 8",
      "mean": 0.42426039304000007,
      "stddev": 0.0025616198297835897,
      "median": 0.42427607604,
      "user": 0.98211008,
      "system": 1.2426131599999999,
      "min": 0.42075232604,
      "max": 0.42796320104,
      "times": [
        0.42075232604,
        0.42427607604,
        0.42796320104,
        0.42447757704000005,
        0.42383278504000005
      ],
      "exit_codes": [
        0,
        0,
        0,
        0,
        0
      ]
    },
    {
      "command": "/Users/rsanheim/src/oss/rux-meta/rux/rux -n 8",
      "mean": 0.27350149304000004,
      "stddev": 0.003402497849405426,
      "median": 0.27397645204000004,
      "user": 1.18354568,
      "system": 0.8592403599999999,
      "min": 0.26938182604,
      "max": 0.27823399304,
      "times": [
        0.27470724304,
        0.27823399304,
        0.26938182604,
        0.27120795104,
        0.27397645204000004
      ],
      "exit_codes": [
        0,
        0,
        0,
        0,
        0
      ]
    }
  ],
  "rux_version": "v0.7.6-0.20250622091040-44c90fab3b1b+dirty"
}