{
  "results": [
    {
      "command": "turbo_tests -n 4",
      "mean": 0.27692033501999996,
      "stddev": 0.0011756546115356183,
      "median": 0.27724896002,
      "user": 0.46430360000000004,
      "system": 0.2385411266666667,
      "min": 0.27561533502,
      "max": 0.27789671002,
      "times": [
        0.27789671002,
        0.27724896002,
        0.27561533502
      ],
      "exit_codes": [
        0,
        0,
        0
      ]
    },
    {
      "command": "/Users/rsanheim/src/oss/rux-meta/rux/rux -n 4",
      "mean": 0.19127908502000002,
      "stddev": 0.003639492446155779,
      "median": 0.19169208502,
      "user": 0.5230702666666667,
      "system": 0.20458146,
      "min": 0.18745071002000002,
      "max": 0.19469446002000002,
      "times": [
        0.18745071002000002,
        0.19169208502,
        0.19469446002000002
      ],
      "exit_codes": [
        0,
        0,
        0
      ]
    }
  ],
  "rux_version": "rux version v0.6.1-20250528-1324-173726dad"
}
