{
  "results": [
    {
      "command": "turbo_tests -n 8",
      "mean": 0.34397976152666665,
      "stddev": 0.002518766398819926,
      "median": 0.34440945586,
      "user": 0.8590098999999999,
      "system": 0.8852112533333333,
      "min": 0.34127378886000004,
      "max": 0.34625603986000003,
      "times": [
        0.34127378886000004,
        0.34625603986000003,
        0.34440945586
      ],
      "exit_codes": [
        0,
        0,
        0
      ]
    }
  ]
}
