{
  "results": [
    {
      "command": "turbo_tests -n 8",
      "mean": 0.4445851712000001,
      "stddev": 0.007114834512856551,
      "median": 0.4467559298,
      "user": 0.9713713399999999,
      "system": 1.2908369,
      "min": 0.4353786378,
      "max": 0.4520636798,
      "times": [
        0.4520636798,
        0.4390259708,
        0.4353786378,
        0.4467559298,
        0.4497016378
      ],
      "exit_codes": [
        0,
        0,
        0,
        0,
        0
      ]
    },
    {
      "command": "/Users/rsanheim/src/oss/rux-meta/rux/rux -n 8",
      "mean": 0.3348722206,
      "stddev": 0.0070932733794145655,
      "median": 0.3373662208,
      "user": 1.19201414,
      "system": 0.9193934999999998,
      "min": 0.3241254708,
      "max": 0.3418057618,
      "times": [
        0.3316202208,
        0.3241254708,
        0.3418057618,
        0.3373662208,
        0.3394434288
      ],
      "exit_codes": [
        0,
        0,
        0,
        0,
        0
      ]
    }
  ],
  "rux_version": "rux version v0.6.9-0.20250612175125-35e8d4ce525e"
}
