{
  "results": [
    {
      "command": "rux -n 4 --command=\"bundle exec rspec\"",
      "mean": 9.168388453919999,
      "stddev": 0.042513689546417606,
      "median": 9.15755872912,
      "user": 11.492070000000002,
      "system": 5.269569119999999,
      "min": 9.12784364512,
      "max": 9.22992268712,
      "times": [
        9.12784364512,
        9.22992268712,
        9.19186047912,
        9.15755872912,
        9.13475672912
      ],
      "exit_codes": [
        0,
        0,
        0,
        0,
        0
      ]
    }
  ]
}
