{
  "results": [
    {
      "command": "turbo_tests -n 8",
      "mean": 6.1973046982,
      "stddev": 0.06449277356663864,
      "median": 6.1638419394,
      "user": 8.162620399999998,
      "system": 5.44367328,
      "min": 6.1493769814,
      "max": 6.2978811064,
      "times": [
        6.2978811064,
        6.225926815399999,
        6.1638419394,
        6.1493769814,
        6.1494966483999995
      ],
      "exit_codes": [
        0,
        0,
        0,
        0,
        0
      ]
    },
    {
      "command": "/Users/rsanheim/src/oss/rux-meta/rux/rux -n 8",
      "mean": 9.030142523399999,
      "stddev": 0.019680358535016023,
      "median": 9.0317416904,
      "user": 12.331357399999998,
      "system": 6.25280348,
      "min": 9.0057394824,
      "max": 9.054649981399999,
      "times": [
        9.0057394824,
        9.054649981399999,
        9.0425031064,
        9.0317416904,
        9.0160783564
      ],
      "exit_codes": [
        0,
        0,
        0,
        0,
        0
      ]
    }
  ],
  "rux_version": "rux version v0.6.9-0.20250612175125-35e8d4ce525e"
}
