{
  "results": [
    {
      "command": "turbo_tests -n 8",
      "mean": 6.173182831859999,
      "stddev": 0.04087910758239982,
      "median": 6.17142566566,
      "user": 8.16132918,
      "system": 5.40096698,
      "min": 6.13485670666,
      "max": 6.23652970666,
      "times": [
        6.23652970666,
        6.18310333166,
        6.13999874866,
        6.13485670666,
        6.17142566566
      ],
      "exit_codes": [
        0,
        0,
        0,
        0,
        0
      ]
    },
    {
      "command": "/Users/rsanheim/src/oss/rux-meta/rux/rux -n 8",
      "mean": 9.05274173186,
      "stddev": 0.042714200762637336,
      "median": 9.08021037366,
      "user": 12.356398780000001,
      "system": 6.30887958,
      "min": 8.99815787366,
      "max": 9.09001183166,
      "times": [
        9.01508003966,
        8.99815787366,
        9.08024854066,
        9.09001183166,
        9.08021037366
      ],
      "exit_codes": [
        0,
        0,
        0,
        0,
        0
      ]
    }
  ],
  "rux_version": "rux version v0.6.9-0.20250612175125-35e8d4ce525e"
}
