{
  "results": [
    {
      "command": "turbo_tests -n 8",
      "mean": 1.0019504186600003,
      "stddev": 0.014207925399931287,
      "median": 1.00245273566,
      "user": 2.2901293199999997,
      "system": 2.8827791400000002,
      "min": 0.9870100686600001,
      "max": 1.01874090166,
      "times": [
        0.9870100686600001,
        1.01300748566,
        1.01874090166,
        1.00245273566,
        0.9885409016600001
      ],
      "memory_usage_byte": [
        45219840,
        45219840,
        45219840,
        45400064,
        45400064
      ],
      "exit_codes": [
        0,
        0,
        0,
        0,
        0
      ]
    }
  ],
  "plur_version": "0.13.0-dev-e095e782"
}