{
  "results": [
    {
      "command": "turbo_tests -n 4",
      "mean": 6.148086482146667,
      "stddev": 0.016253430809685197,
      "median": 6.14066398248,
      "user": 7.505308533333333,
      "system": 3.9478847399999997,
      "min": 6.13686944048,
      "max": 6.16672602348,
      "times": [
        6.16672602348,
        6.13686944048,
        6.14066398248
      ],
      "exit_codes": [
        0,
        0,
        0
      ]
    },
    {
      "command": "rux -n 4",
      "mean": 9.073409287479999,
      "stddev": 0.0495110425747351,
      "median": 9.064903148480001,
      "user": 11.410453533333333,
      "system": 5.166421406666667,
      "min": 9.02870239848,
      "max": 9.12662231548,
      "times": [
        9.064903148480001,
        9.02870239848,
        9.12662231548
      ],
      "exit_codes": [
        0,
        0,
        0
      ]
    }
  ]
}
