{
  "results": [
    {
      "command": "turbo_tests -n 8",
      "mean": 0.36084791134,
      "stddev": 0.0007137199070812055,
      "median": 0.36081036934,
      "user": 0.8861063866666666,
      "system": 0.92657164,
      "min": 0.36015370334,
      "max": 0.36157966134,
      "times": [
        0.36081036934,
        0.36015370334,
        0.36157966134
      ],
      "exit_codes": [
        0,
        0,
        0
      ]
    },
    {
      "command": "/Users/rsanheim/src/oss/rux-meta/rux/rux -n 8",
      "mean": 0.41380616134,
      "stddev": 0.004673501130858846,
      "median": 0.41538991134000003,
      "user": 1.49769572,
      "system": 0.8800403066666664,
      "min": 0.40854657834,
      "max": 0.41748199434,
      "times": [
        0.41538991134000003,
        0.40854657834,
        0.41748199434
      ],
      "exit_codes": [
        0,
        0,
        0
      ]
    }
  ],
  "rux_version": "rux version v0.0.0-20250528124505-e136b36f4e58"
}
