{
  "results": [
    {
      "command": "turbo_tests -n 8",
      "mean": 0.4395599171600001,
      "stddev": 0.007834087710652363,
      "median": 0.44184492516,
      "user": 0.9837227199999999,
      "system": 1.3136812199999999,
      "min": 0.42770109216,
      "max": 0.44872013416,
      "times": [
        0.42770109216,
        0.44184492516,
        0.44256346716,
        0.44872013416,
        0.43696996716000003
      ],
      "exit_codes": [
        0,
        0,
        0,
        0,
        0
      ]
    }
  ],
  "rux_version": "rux version v0.6.9-0.20250612175125-35e8d4ce525e"
}