{
  "results": [
    {
      "command": "rux -n 4 --command=\"bundle exec rspec\"",
      "mean": 9.129984865806668,
      "stddev": 0.037638284934306404,
      "median": 9.136058158139999,
      "user": 11.51230548,
      "system": 5.209120006666667,
      "min": 9.089679240139999,
      "max": 9.16421719914,
      "times": [
        9.16421719914,
        9.136058158139999,
        9.089679240139999
      ],
      "exit_codes": [
        0,
        0,
        0
      ]
    },
    {
      "command": "rux -n 4 --command=\"bin/rspec\"",
      "mean": 9.14547261614,
      "stddev": 0.04494605914045982,
      "median": 9.14609240814,
      "user": 11.45038848,
      "system": 5.217931006666667,
      "min": 9.10021986614,
      "max": 9.190105574139999,
      "times": [
        9.10021986614,
        9.190105574139999,
        9.14609240814
      ],
      "exit_codes": [
        0,
        0,
        0
      ]
    }
  ]
}
