{
  "commit": "173726dad9fa2897d4379868fa0d8cfadcf733b1",
  "timestamp": "20250528-132503",
  "rux_version": "rux version v0.6.1-20250528-1324-173726dad",
  "rux_ruby": {
  "results": [
    {
      "command": "turbo_tests -n 4",
      "mean": 0.27692033501999996,
      "stddev": 0.0011756546115356183,
      "median": 0.27724896002,
      "user": 0.46430360000000004,
      "system": 0.2385411266666667,
      "min": 0.27561533502,
      "max": 0.27789671002,
      "times": [
        0.27789671002,
        0.27724896002,
        0.27561533502
      ],
      "exit_codes": [
        0,
        0,
        0
      ]
    },
    {
      "command": "/Users/rsanheim/src/oss/rux-meta/rux/rux -n 4",
      "mean": 0.19127908502000002,
      "stddev": 0.003639492446155779,
      "median": 0.19169208502,
      "user": 0.5230702666666667,
      "system": 0.20458146,
      "min": 0.18745071002000002,
      "max": 0.19469446002000002,
      "times": [
        0.18745071002000002,
        0.19169208502,
        0.19469446002000002
      ],
      "exit_codes": [
        0,
        0,
        0
      ]
    }
  ],
  "rux_version": "rux version v0.6.1-20250528-1324-173726dad"
},
  "example-project": {
  "results": [
    {
      "command": "turbo_tests -n 4",
      "mean": 5.183927893426667,
      "stddev": 0.011597311760411932,
      "median": 5.18883344876,
      "user": 6.6233986133333325,
      "system": 3.0521378133333332,
      "min": 5.17068394876,
      "max": 5.19226628276,
      "times": [
        5.19226628276,
        5.18883344876,
        5.17068394876
      ],
      "exit_codes": [
        0,
        0,
        0
      ]
    },
    {
      "command": "/Users/rsanheim/src/oss/rux-meta/rux/rux -n 4",
      "mean": 8.205034157759998,
      "stddev": 0.03909943130025518,
      "median": 8.18991303276,
      "user": 10.75629428,
      "system": 4.291197146666666,
      "min": 8.175753449759998,
      "max": 8.249435990759999,
      "times": [
        8.249435990759999,
        8.175753449759998,
        8.18991303276
      ],
      "exit_codes": [
        0,
        0,
        0
      ]
    }
  ],
  "rux_version": "rux version v0.6.1-20250528-1324-173726dad"
}
}
