{
  "commit": "e136b36f4e584f46a13fdbf55377d54e3373e6a1",
  "timestamp": "20250528-124731",
  "rux_version": "rux version v0.6.0-20250528-1247-e136b36f4",
  "rux_ruby": {
  "results": [
    {
      "command": "turbo_tests -n 8",
      "mean": 0.36187904113999997,
      "stddev": 0.003395737970819153,
      "median": 0.36230802714,
      "user": 0.8825261866666666,
      "system": 0.9339395133333334,
      "min": 0.35828919414,
      "max": 0.36503990214,
      "times": [
        0.35828919414,
        0.36503990214,
        0.36230802714
      ],
      "exit_codes": [
        0,
        0,
        0
      ]
    },
    {
      "command": "/Users/rsanheim/src/oss/rux-meta/rux/rux -n 8",
      "mean": 0.41458640214000003,
      "stddev": 0.0040915280216428955,
      "median": 0.41424802714000003,
      "user": 1.49508552,
      "system": 0.8762255133333333,
      "min": 0.41067456914,
      "max": 0.41883661014,
      "times": [
        0.41883661014,
        0.41424802714000003,
        0.41067456914
      ],
      "exit_codes": [
        0,
        0,
        0
      ]
    }
  ],
  "rux_version": "rux version v0.6.0-20250528-1247-e136b36f4"
},
  "example-project": {
  "results": [
    {
      "command": "turbo_tests -n 8",
      "mean": 5.577455728373334,
      "stddev": 0.033929661879700805,
      "median": 5.5770536450399995,
      "user": 7.55243668,
      "system": 4.578439599999999,
      "min": 5.54372889504,
      "max": 5.61158464504,
      "times": [
        5.5770536450399995,
        5.54372889504,
        5.61158464504
      ],
      "exit_codes": [
        0,
        0,
        0
      ]
    },
    {
      "command": "/Users/rsanheim/src/oss/rux-meta/rux/rux -n 8",
      "mean": 8.318848714373333,
      "stddev": 0.0313450550016155,
      "median": 8.31100743704,
      "user": 11.637835346666668,
      "system": 5.5474065999999995,
      "min": 8.29216872804,
      "max": 8.35336997804,
      "times": [
        8.29216872804,
        8.35336997804,
        8.31100743704
      ],
      "exit_codes": [
        0,
        0,
        0
      ]
    }
  ],
  "rux_version": "rux version v0.6.0-20250528-1247-e136b36f4"
}
}
