{
  "results": [
    {
      "command": "turbo_tests -n 8",
      "mean": 0.42446747742,
      "stddev": 0.001844756457501422,
      "median": 0.42438206022,
      "user": 0.9579647399999999,
      "system": 1.1867925000000004,
      "min": 0.42174372722000003,
      "max": 0.42671556122000004,
      "times": [
        0.42544626922,
        0.42174372722000003,
        0.42671556122000004,
        0.42438206022,
        0.42404976922000004
      ],
      "exit_codes": [
        0,
        0,
        0,
        0,
        0
      ]
    },
    {
      "command": "/Users/rsanheim/src/oss/rux-meta/rux/rux -n 8",
      "mean": 0.32577502742000003,
      "stddev": 0.001762032843734384,
      "median": 0.32608793522,
      "user": 1.1850819400000001,
      "system": 0.8499196999999998,
      "min": 0.32358601922,
      "max": 0.32794289422,
      "times": [
        0.32794289422,
        0.32358601922,
        0.32608793522,
        0.32444864422,
        0.32680964422000003
      ],
      "exit_codes": [
        0,
        0,
        0,
        0,
        0
      ]
    }
  ],
  "rux_version": "rux version v0.0.0-20250608054756-00a1eb84be2c+dirty"
}
