{
  "results": [
    {
      "command": "turbo_tests -n 8",
      "mean": 0.63153325672,
      "stddev": 0.0037402412812808303,
      "median": 0.6335464403200001,
      "user": 1.2776521,
      "system": 2.08852524,
      "min": 0.6260843153200001,
      "max": 0.63499914832,
      "times": [
        0.6337766063200001,
        0.62925977332,
        0.6260843153200001,
        0.63499914832,
        0.6335464403200001
      ],
      "memory_usage_byte": [
        36028416,
        36028416,
        36028416,
        36028416,
        36028416
      ],
      "exit_codes": [
        0,
        0,
        0,
        0,
        0
      ]
    },
    {
      "command": "plur -n 8",
      "mean": 0.33450923152,
      "stddev": 0.0030686497570299007,
      "median": 0.33345248132,
      "user": 1.3233972999999999,
      "system": 1.1012550399999996,
      "min": 0.33196831432,
      "max": 0.33969852332,
      "times": [
        0.33468760632,
        0.33196831432,
        0.33345248132,
        0.33273923232,
        0.33969852332
      ],
      "memory_usage_byte": [
        36028416,
        36028416,
        36028416,
        36028416,
        36028416
      ],
      "exit_codes": [
        0,
        0,
        0,
        0,
        0
      ]
    }
  ],
  "plur_version": "0.13.0-dev-bef72db1"
}