{
  "results": [
    {
      "command": "turbo_tests -n 4",
      "mean": 59.85832236016,
      "stddev": 12.383348662884995,
      "median": 62.12295619336,
      "user": 119.02019432000002,
      "system": 41.8494442,
      "min": 41.02971319336,
      "max": 74.61339365236,
      "times": [
        64.90982219336,
        74.61339365236,
        56.61572656836,
        41.02971319336,
        62.12295619336
      ],
      "memory_usage_byte": [
        2429911040,
        2429911040,
        2429911040,
        2429911040,
        2429911040
      ],
      "exit_codes": [
        1,
        1,
        1,
        1,
        1
      ]
    },
    {
      "command": "plur -n 4",
      "mean": 32.254042493360004,
      "stddev": 0.03718100841421876,
      "median": 32.24942702636,
      "user": 102.30136072,
      "system": 23.5230912,
      "min": 32.21588048536,
      "max": 32.30603769336,
      "times": [
        32.27498831836,
        32.24942702636,
        32.30603769336,
        32.21588048536,
        32.22387894336
      ],
      "memory_usage_byte": [
        2429911040,
        2429911040,
        2429911040,
        2429911040,
        2429911040
      ],
      "exit_codes": [
        0,
        0,
        0,
        0,
        0
      ]
    }
  ],
  "plur_version": "0.19.0-dev-4747f830"
}