{
  "results": [
    {
      "command": "turbo_tests -n 8",
      "mean": 0.34451270184666666,
      "stddev": 0.0013455613649779414,
      "median": 0.34466177118,
      "user": 0.8605967266666665,
      "system": 0.8850648666666666,
      "min": 0.34309881318,
      "max": 0.34577752118,
      "times": [
        0.34309881318,
        0.34577752118,
        0.34466177118
      ],
      "exit_codes": [
        0,
        0,
        0
      ]
    },
    {
      "command": "rux -n 8",
      "mean": 0.40337610418,
      "stddev": 0.0034873926865209757,
      "median": 0.40238560418,
      "user": 1.4730810600000002,
      "system": 0.8418615333333334,
      "min": 0.40049110418,
      "max": 0.40725160418,
      "times": [
        0.40238560418,
        0.40049110418,
        0.40725160418
      ],
      "exit_codes": [
        0,
        0,
        0
      ]
    }
  ]
}
