{
  "results": [
    {
      "command": "turbo_tests -n 8",
      "mean": 0.44717887754,
      "stddev": 0.0041726167048804575,
      "median": 0.44543273554,
      "user": 1.02057976,
      "system": 1.3069390200000002,
      "min": 0.44411669454,
      "max": 0.45420811154,
      "times": [
        0.44770252754,
        0.45420811154,
        0.44543273554,
        0.44411669454,
        0.44443431854000004
      ],
      "exit_codes": [
        0,
        0,
        0,
        0,
        0
      ]
    },
    {
      "command": "/Users/rsanheim/src/oss/rux-meta/rux/rux -n 8",
      "mean": 0.27871878594,
      "stddev": 0.0011660418171664448,
      "median": 0.27824819454,
      "user": 1.1971997599999997,
      "system": 0.8856184199999999,
      "min": 0.27740531854,
      "max": 0.28036698654000003,
      "times": [
        0.27824819454,
        0.27740531854,
        0.27816777754,
        0.27940565254,
        0.28036698654000003
      ],
      "exit_codes": [
        0,
        0,
        0,
        0,
        0
      ]
    }
  ],
  "rux_version": "v0.7.3-0.20250621052431-ad9798e00b04+dirty"
}