{
  "results": [
    {
      "command": "turbo_tests -n 8",
      "mean": 5.4608964635133335,
      "stddev": 0.0036827313286194575,
      "median": 5.46280785218,
      "user": 7.4268826599999995,
      "system": 4.490242753333333,
      "min": 5.456651019180001,
      "max": 5.463230519180001,
      "times": [
        5.456651019180001,
        5.463230519180001,
        5.46280785218
      ],
      "exit_codes": [
        0,
        0,
        0
      ]
    },
    {
      "command": "rux -n 8",
      "mean": 8.72122749118,
      "stddev": 0.09772672632161111,
      "median": 8.70893606018,
      "user": 14.881040993333334,
      "system": 8.607458753333333,
      "min": 8.630227936179999,
      "max": 8.82451847718,
      "times": [
        8.70893606018,
        8.82451847718,
        8.630227936179999
      ],
      "exit_codes": [
        0,
        0,
        0
      ]
    }
  ],
  "rux_version": "rux version v0.0.0-20250528083306-6a0be2fa00b5+dirty"
}
