{
  "results": [
    {
      "command": "turbo_tests -n 8",
      "mean": 0.34938984805333334,
      "stddev": 0.0011547226770741723,
      "median": 0.34939657072,
      "user": 0.8800048666666666,
      "system": 0.8779010666666666,
      "min": 0.34823177872000005,
      "max": 0.35054119472000006,
      "times": [
        0.34939657072,
        0.34823177872000005,
        0.35054119472000006
      ],
      "exit_codes": [
        0,
        0,
        0
      ]
    },
    {
      "command": "rux -n 8",
      "mean": 0.41027013972,
      "stddev": 0.0011730359729100175,
      "median": 0.40995919472000003,
      "user": 1.4866255333333331,
      "system": 0.8651543999999999,
      "min": 0.40928390372000006,
      "max": 0.41156732072,
      "times": [
        0.41156732072,
        0.40995919472000003,
        0.40928390372000006
      ],
      "exit_codes": [
        0,
        0,
        0
      ]
    }
  ]
}
