{
  "results": [
    {
      "command": "turbo_tests -n 8",
      "mean": 6.254573649399999,
      "stddev": 0.03510452824793406,
      "median": 6.2690058328,
      "user": 8.25336472,
      "system": 5.4536137600000005,
      "min": 6.2011642078,
      "max": 6.2846084158,
      "times": [
        6.2690058328,
        6.2846084158,
        6.2805667908,
        6.2011642078,
        6.2375229998
      ],
      "exit_codes": [
        0,
        0,
        0,
        0,
        0
      ]
    },
    {
      "command": "/Users/rsanheim/src/oss/rux-meta/rux/rux -n 8",
      "mean": 6.0805760156,
      "stddev": 0.04336032303399552,
      "median": 6.0775224568,
      "user": 8.08099472,
      "system": 5.1511869599999995,
      "min": 6.0315617908,
      "max": 6.1452247908,
      "times": [
        6.0775224568,
        6.0949028328,
        6.1452247908,
        6.0315617908,
        6.0536682068
      ],
      "exit_codes": [
        0,
        0,
        0,
        0,
        0
      ]
    }
  ],
  "rux_version": "v0.7.3-0.20250621080051-a021c9f64392+dirty"
}