{
  "results": [
    {
      "command": "turbo_tests -n 8",
      "mean": 0.4117318044,
      "stddev": 0.0038485890994532854,
      "median": 0.41280576220000004,
      "user": 0.9431841799999999,
      "system": 1.19453514,
      "min": 0.40581972120000004,
      "max": 0.41531084620000003,
      "times": [
        0.4101775132,
        0.4145451792,
        0.40581972120000004,
        0.41531084620000003,
        0.41280576220000004
      ],
      "exit_codes": [
        0,
        0,
        0,
        0,
        0
      ]
    },
    {
      "command": "plur -n 8",
      "mean": 0.2570276208000001,
      "stddev": 0.0021826564243209077,
      "median": 0.2572089712,
      "user": 1.12928398,
      "system": 0.78962714,
      "min": 0.2545251792,
      "max": 0.2598781792,
      "times": [
        0.2572089712,
        0.2598781792,
        0.2545251792,
        0.2552637202,
        0.25826205420000004
      ],
      "exit_codes": [
        0,
        0,
        0,
        0,
        0
      ]
    }
  ],
  "plur_version": "v0.9.2-0.20250730070826-b09bb44bf36e"
}