{
  "results": [
    {
      "command": "turbo_tests -n 8",
      "mean": 0.36187904113999997,
      "stddev": 0.003395737970819153,
      "median": 0.36230802714,
      "user": 0.8825261866666666,
      "system": 0.9339395133333334,
      "min": 0.35828919414,
      "max": 0.36503990214,
      "times": [
        0.35828919414,
        0.36503990214,
        0.36230802714
      ],
      "exit_codes": [
        0,
        0,
        0
      ]
    },
    {
      "command": "/Users/rsanheim/src/oss/rux-meta/rux/rux -n 8",
      "mean": 0.41458640214000003,
      "stddev": 0.0040915280216428955,
      "median": 0.41424802714000003,
      "user": 1.49508552,
      "system": 0.8762255133333333,
      "min": 0.41067456914,
      "max": 0.41883661014,
      "times": [
        0.41883661014,
        0.41424802714000003,
        0.41067456914
      ],
      "exit_codes": [
        0,
        0,
        0
      ]
    }
  ],
  "rux_version": "rux version v0.6.0-20250528-1247-e136b36f4"
}
