{
  "results": [
    {
      "command": "turbo_tests -n 8",
      "mean": 6.3952013634,
      "stddev": 0.12099753088822218,
      "median": 6.35611868,
      "user": 8.311670059999999,
      "system": 5.6737306599999995,
      "min": 6.240061013,
      "max": 6.527074889,
      "times": [
        6.3438192639999995,
        6.240061013,
        6.508932971,
        6.527074889,
        6.35611868
      ],
      "exit_codes": [
        0,
        0,
        0,
        0,
        0
      ]
    }
  ],
  "rux_version": "rux version v0.6.9-0.20250612175125-35e8d4ce525e"
}