{
  "results": [
    {
      "command": "turbo_tests -n 8",
      "mean": 11.473137273199999,
      "stddev": 0.6122576304983471,
      "median": 11.256765973,
      "user": 12.892728619999996,
      "system": 12.910015640000001,
      "min": 10.986976347999999,
      "max": 12.512835556999999,
      "times": [
        12.512835556999999,
        11.256765973,
        10.986976347999999,
        11.106494097999999,
        11.50261439
      ],
      "memory_usage_byte": [
        47333376,
        48414720,
        48414720,
        48414720,
        48414720
      ],
      "exit_codes": [
        0,
        0,
        0,
        0,
        0
      ]
    },
    {
      "command": "plur -n 8",
      "mean": 4.8552418148,
      "stddev": 6.651386629093541,
      "median": 0.006840723000000002,
      "user": 6.296300619999999,
      "system": 3.6888332399999997,
      "min": 0.005576848000000002,
      "max": 12.688037974,
      "times": [
        12.688037974,
        11.569105931,
        0.006840723000000002,
        0.005576848000000002,
        0.006647598000000001
      ],
      "memory_usage_byte": [
        61652992,
        61652992,
        61652992,
        61652992,
        61652992
      ],
      "exit_codes": [
        1,
        1,
        1,
        1,
        1
      ]
    }
  ],
  "plur_version": "0.17.2-dev-a80b36b2"
}