{
  "results": [
    {
      "command": "turbo_tests -n 8",
      "mean": 0.35573082970666664,
      "stddev": 0.0031232138709107664,
      "median": 0.35447848304,
      "user": 0.8677131533333333,
      "system": 0.9382352599999999,
      "min": 0.35342814904000003,
      "max": 0.35928585704000005,
      "times": [
        0.35928585704000005,
        0.35447848304,
        0.35342814904000003
      ],
      "exit_codes": [
        0,
        0,
        0
      ]
    },
    {
      "command": "/Users/rsanheim/src/oss/rux-meta/rux/rux -n 8",
      "mean": 0.24608124637333337,
      "stddev": 0.002848918824536142,
      "median": 0.24765802404000004,
      "user": 1.1004651533333334,
      "system": 0.7374895933333333,
      "min": 0.24279252404,
      "max": 0.24779319104000003,
      "times": [
        0.24765802404000004,
        0.24779319104000003,
        0.24279252404
      ],
      "exit_codes": [
        0,
        0,
        0
      ]
    }
  ],
  "rux_version": "rux version v0.6.2-20250528-2112-b9e6e98e4"
}
