{
  "results": [
    {
      "command": "turbo_tests -n 8",
      "mean": 0.35328266789333335,
      "stddev": 0.0011844954289892142,
      "median": 0.35296469556000004,
      "user": 0.8676411599999998,
      "system": 0.9229569866666667,
      "min": 0.35228961256,
      "max": 0.35459369556000003,
      "times": [
        0.35296469556000004,
        0.35459369556000003,
        0.35228961256
      ],
      "exit_codes": [
        0,
        0,
        0
      ]
    },
    {
      "command": "rux -n 8",
      "mean": 0.40956452922666675,
      "stddev": 0.006726466087383644,
      "median": 0.41171236256000004,
      "user": 1.4792384933333336,
      "system": 0.88141032,
      "min": 0.40202644556000006,
      "max": 0.41495477956000004,
      "times": [
        0.41495477956000004,
        0.40202644556000006,
        0.41171236256000004
      ],
      "exit_codes": [
        0,
        0,
        0
      ]
    }
  ],
  "rux_version": "rux version v0.0.0-20250528083306-6a0be2fa00b5+dirty"
}
