{
  "commit": "b9e6e98e407158f9b0e8e77b06d626990c9bc763",
  "timestamp": "20250528-211301",
  "rux_version": "rux version v0.6.2-20250528-2112-b9e6e98e4",
  "rux_ruby": {
  "results": [
    {
      "command": "turbo_tests -n 8",
      "mean": 0.35573082970666664,
      "stddev": 0.0031232138709107664,
      "median": 0.35447848304,
      "user": 0.8677131533333333,
      "system": 0.9382352599999999,
      "min": 0.35342814904000003,
      "max": 0.35928585704000005,
      "times": [
        0.35928585704000005,
        0.35447848304,
        0.35342814904000003
      ],
      "exit_codes": [
        0,
        0,
        0
      ]
    },
    {
      "command": "/Users/rsanheim/src/oss/rux-meta/rux/rux -n 8",
      "mean": 0.24608124637333337,
      "stddev": 0.002848918824536142,
      "median": 0.24765802404000004,
      "user": 1.1004651533333334,
      "system": 0.7374895933333333,
      "min": 0.24279252404,
      "max": 0.24779319104000003,
      "times": [
        0.24765802404000004,
        0.24779319104000003,
        0.24279252404
      ],
      "exit_codes": [
        0,
        0,
        0
      ]
    }
  ],
  "rux_version": "rux version v0.6.2-20250528-2112-b9e6e98e4"
},
  "example-project": {
  "results": [
    {
      "command": "turbo_tests -n 8",
      "mean": 5.318357527533333,
      "stddev": 0.008570685238005672,
      "median": 5.3158369442,
      "user": 7.308851059999999,
      "system": 4.355290466666666,
      "min": 5.3113297772,
      "max": 5.3279058612,
      "times": [
        5.3158369442,
        5.3279058612,
        5.3113297772
      ],
      "exit_codes": [
        0,
        0,
        0
      ]
    },
    {
      "command": "/Users/rsanheim/src/oss/rux-meta/rux/rux -n 8",
      "mean": 8.254721944200002,
      "stddev": 0.01238251731637857,
      "median": 8.248074610200002,
      "user": 11.578069726666667,
      "system": 5.463920466666667,
      "min": 8.247082653200001,
      "max": 8.2690085692,
      "times": [
        8.248074610200002,
        8.2690085692,
        8.247082653200001
      ],
      "exit_codes": [
        0,
        0,
        0
      ]
    }
  ],
  "rux_version": "rux version v0.6.2-20250528-2112-b9e6e98e4"
}
}
