{
  "results": [
    {
      "command": "turbo_tests -n 8",
      "mean": 6.091900084200001,
      "stddev": 0.12008319931598845,
      "median": 6.081561650799999,
      "user": 7.96102904,
      "system": 5.3167814,
      "min": 5.9527973178,
      "max": 6.2681341508,
      "times": [
        6.0201681508,
        6.081561650799999,
        5.9527973178,
        6.136839150799999,
        6.2681341508
      ],
      "exit_codes": [
        0,
        0,
        0,
        0,
        0
      ]
    },
    {
      "command": "plur -n 8",
      "mean": 5.986684159199999,
      "stddev": 0.04561499584449481,
      "median": 5.988614108799999,
      "user": 7.84813324,
      "system": 5.1600918,
      "min": 5.9120444428,
      "max": 6.0307289837999996,
      "times": [
        6.015111192799999,
        6.0307289837999996,
        5.9120444428,
        5.986922067799999,
        5.988614108799999
      ],
      "exit_codes": [
        0,
        0,
        0,
        0,
        0
      ]
    }
  ],
  "plur_version": "v0.9.2-0.20250730070826-b09bb44bf36e"
}