{
  "results": [
    {
      "command": "turbo_tests -n 8",
      "mean": 16.551915161860002,
      "stddev": 0.2956209040280766,
      "median": 16.41508553706,
      "user": 24.40596008,
      "system": 17.78757262,
      "min": 16.281775912060002,
      "max": 17.03451474506,
      "times": [
        17.03451474506,
        16.40896428706,
        16.61923532806,
        16.281775912060002,
        16.41508553706
      ],
      "memory_usage_byte": [
        193216512,
        193216512,
        193216512,
        194052096,
        194052096
      ],
      "exit_codes": [
        1,
        0,
        1,
        0,
        1
      ]
    },
    {
      "command": "plur -n 8",
      "mean": 19.21816888706,
      "stddev": 0.0801562760958589,
      "median": 19.19974353706,
      "user": 30.85810068,
      "system": 15.772421219999998,
      "min": 19.11629207906,
      "max": 19.32241832906,
      "times": [
        19.19974353706,
        19.11629207906,
        19.27083237006,
        19.32241832906,
        19.18155812006
      ],
      "memory_usage_byte": [
        194052096,
        194052096,
        194052096,
        194052096,
        194052096
      ],
      "exit_codes": [
        0,
        0,
        0,
        0,
        0
      ]
    }
  ],
  "plur_version": "0.18.0-dev-e15cfba0"
}