{
  "results": [
    {
      "command": "turbo_tests -n 8",
      "mean": 5.318357527533333,
      "stddev": 0.008570685238005672,
      "median": 5.3158369442,
      "user": 7.308851059999999,
      "system": 4.355290466666666,
      "min": 5.3113297772,
      "max": 5.3279058612,
      "times": [
        5.3158369442,
        5.3279058612,
        5.3113297772
      ],
      "exit_codes": [
        0,
        0,
        0
      ]
    },
    {
      "command": "/Users/rsanheim/src/oss/rux-meta/rux/rux -n 8",
      "mean": 8.254721944200002,
      "stddev": 0.01238251731637857,
      "median": 8.248074610200002,
      "user": 11.578069726666667,
      "system": 5.463920466666667,
      "min": 8.247082653200001,
      "max": 8.2690085692,
      "times": [
        8.248074610200002,
        8.2690085692,
        8.247082653200001
      ],
      "exit_codes": [
        0,
        0,
        0
      ]
    }
  ],
  "rux_version": "rux version v0.6.2-20250528-2112-b9e6e98e4"
}
