{
  "results": [
    {
      "command": "turbo_tests -n 4",
      "mean": 0.2734139393133333,
      "stddev": 0.00037090264802282935,
      "median": 0.27327766198000003,
      "user": 0.46175464666666666,
      "system": 0.23054495333333333,
      "min": 0.27313045298,
      "max": 0.27383370298000004,
      "times": [
        0.27313045298,
        0.27327766198000003,
        0.27383370298000004
      ],
      "exit_codes": [
        0,
        0,
        0
      ]
    },
    {
      "command": "/Users/rsanheim/src/oss/rux-meta/rux/rux -n 4",
      "mean": 0.19200463398,
      "stddev": 0.00429764118796149,
      "median": 0.19237961998,
      "user": 0.5220276466666668,
      "system": 0.20952462000000002,
      "min": 0.18753178698,
      "max": 0.19610249498000001,
      "times": [
        0.19237961998,
        0.19610249498000001,
        0.18753178698
      ],
      "exit_codes": [
        0,
        0,
        0
      ]
    }
  ],
  "rux_version": "rux version v0.0.0-20250528132054-5359a82f56b4+dirty"
}
