{
  "results": [
    {
      "command": "turbo_tests -n 2",
      "mean": 0.2600235861933333,
      "stddev": 0.0010893645668674625,
      "median": 0.25982548886,
      "user": 0.2755346933333333,
      "system": 0.11356846,
      "min": 0.25904686386,
      "max": 0.26119840586,
      "times": [
        0.26119840586,
        0.25904686386,
        0.25982548886
      ],
      "exit_codes": [
        0,
        0,
        0
      ]
    },
    {
      "command": "/Users/rsanheim/src/oss/rux-meta/rux/rux -n 2",
      "mean": 0.17261460019333333,
      "stddev": 0.0013411625952588118,
      "median": 0.17293098886000002,
      "user": 0.25193435999999997,
      "system": 0.08346579333333333,
      "min": 0.17114353086,
      "max": 0.17376928086,
      "times": [
        0.17114353086,
        0.17376928086,
        0.17293098886000002
      ],
      "exit_codes": [
        0,
        0,
        0
      ]
    }
  ],
  "rux_version": "rux version v0.0.0-20250528132054-5359a82f56b4+dirty"
}
