{
  "results": [
    {
      "command": "turbo_tests -n 8",
      "mean": 5.453055767913334,
      "stddev": 0.03864063030132084,
      "median": 5.45504393458,
      "user": 7.4183576066666665,
      "system": 4.439511899999999,
      "min": 5.41345943458,
      "max": 5.490663934580001,
      "times": [
        5.41345943458,
        5.490663934580001,
        5.45504393458
      ],
      "exit_codes": [
        0,
        0,
        0
      ]
    },
    {
      "command": "rux -n 8",
      "mean": 8.998675698246666,
      "stddev": 0.1132525148193423,
      "median": 8.96289122558,
      "user": 15.146332606666666,
      "system": 8.9297299,
      "min": 8.90763797658,
      "max": 9.12549789258,
      "times": [
        8.96289122558,
        8.90763797658,
        9.12549789258
      ],
      "exit_codes": [
        0,
        0,
        0
      ]
    }
  ],
  "rux_version": "rux version v0.5.0-20250528-0839-6a0be2fa0"
}
