{
  "results": [
    {
      "command": "turbo_tests -n 4",
      "mean": 6.158854021153334,
      "stddev": 0.031012527012729062,
      "median": 6.14427688182,
      "user": 7.506100893333333,
      "system": 3.96048264,
      "min": 6.13781579982,
      "max": 6.19446938182,
      "times": [
        6.14427688182,
        6.19446938182,
        6.13781579982
      ],
      "exit_codes": [
        0,
        0,
        0
      ]
    },
    {
      "command": "rux -n 4 --command=\"rspec\"",
      "mean": 6.062699590486666,
      "stddev": 0.05962568046600371,
      "median": 6.04591550682,
      "user": 7.390648226666666,
      "system": 3.8747776399999996,
      "min": 6.01326479882,
      "max": 6.12891846582,
      "times": [
        6.12891846582,
        6.01326479882,
        6.04591550682
      ],
      "exit_codes": [
        0,
        0,
        0
      ]
    }
  ]
}
