{
  "commit": "173726dad9fa2897d4379868fa0d8cfadcf733b1",
  "timestamp": "20250528-132206",
  "rux_version": "rux version v0.0.0-20250528132054-5359a82f56b4+dirty",
  "rux_ruby": {
  "results": [
    {
      "command": "turbo_tests -n 2",
      "mean": 0.2600235861933333,
      "stddev": 0.0010893645668674625,
      "median": 0.25982548886,
      "user": 0.2755346933333333,
      "system": 0.11356846,
      "min": 0.25904686386,
      "max": 0.26119840586,
      "times": [
        0.26119840586,
        0.25904686386,
        0.25982548886
      ],
      "exit_codes": [
        0,
        0,
        0
      ]
    },
    {
      "command": "/Users/rsanheim/src/oss/rux-meta/rux/rux -n 2",
      "mean": 0.17261460019333333,
      "stddev": 0.0013411625952588118,
      "median": 0.17293098886000002,
      "user": 0.25193435999999997,
      "system": 0.08346579333333333,
      "min": 0.17114353086,
      "max": 0.17376928086,
      "times": [
        0.17114353086,
        0.17376928086,
        0.17293098886000002
      ],
      "exit_codes": [
        0,
        0,
        0
      ]
    }
  ],
  "rux_version": "rux version v0.0.0-20250528132054-5359a82f56b4+dirty"
},
  "example-project": {
  "results": [
    {
      "command": "turbo_tests -n 2",
      "mean": 5.416914722373332,
      "stddev": 0.1283760111787564,
      "median": 5.4823091670399995,
      "user": 6.318833793333333,
      "system": 2.9333213133333333,
      "min": 5.26900866704,
      "max": 5.49942633304,
      "times": [
        5.26900866704,
        5.4823091670399995,
        5.49942633304
      ],
      "exit_codes": [
        0,
        0,
        0
      ]
    },
    {
      "command": "/Users/rsanheim/src/oss/rux-meta/rux/rux -n 2",
      "mean": 8.280027277706667,
      "stddev": 0.08643593074577965,
      "median": 8.23375695804,
      "user": 10.341150126666667,
      "system": 4.11075898,
      "min": 8.22657612504,
      "max": 8.37974875004,
      "times": [
        8.37974875004,
        8.22657612504,
        8.23375695804
      ],
      "exit_codes": [
        0,
        0,
        0
      ]
    }
  ],
  "rux_version": "rux version v0.0.0-20250528132054-5359a82f56b4+dirty"
}
}
