{
  "results": [
    {
      "command": "turbo_tests -n 8",
      "mean": 6.52869824248,
      "stddev": 0.158711659204384,
      "median": 6.5446938264800005,
      "user": 8.4745289,
      "system": 5.739173859999999,
      "min": 6.36961974248,
      "max": 6.77134374248,
      "times": [
        6.36961974248,
        6.40354274248,
        6.5446938264800005,
        6.77134374248,
        6.554291158480001
      ],
      "exit_codes": [
        0,
        0,
        0,
        0,
        0
      ]
    },
    {
      "command": "/Users/rsanheim/src/oss/rux-meta/rux/rux -n 8",
      "mean": 9.567702409279999,
      "stddev": 0.14290616369495052,
      "median": 9.49265328448,
      "user": 12.734818899999999,
      "system": 6.9038654600000005,
      "min": 9.43254057648,
      "max": 9.733422492479999,
      "times": [
        9.733422492479999,
        9.71105674248,
        9.46883895048,
        9.49265328448,
        9.43254057648
      ],
      "exit_codes": [
        0,
        0,
        0,
        0,
        0
      ]
    }
  ],
  "rux_version": "v0.7.3-0.20250621052431-ad9798e00b04+dirty"
}