{
  "results": [
    {
      "command": "turbo_tests -n 8",
      "mean": 0.84628258188,
      "stddev": 0.02048233883993002,
      "median": 0.85354204868,
      "user": 1.6003685600000002,
      "system": 2.9489646599999997,
      "min": 0.82009384068,
      "max": 0.8704968816800001,
      "times": [
        0.85666421468,
        0.85354204868,
        0.8704968816800001,
        0.83061592368,
        0.82009384068
      ],
      "memory_usage_byte": [
        38338560,
        38338560,
        38338560,
        38338560,
        38338560
      ],
      "exit_codes": [
        0,
        0,
        0,
        0,
        0
      ]
    },
    {
      "command": "plur -n 8",
      "mean": 0.39981260668,
      "stddev": 0.0026900171594158107,
      "median": 0.39934267368000004,
      "user": 1.50600816,
      "system": 1.3332008599999998,
      "min": 0.39661246468000005,
      "max": 0.40386254868000004,
      "times": [
        0.40386254868000004,
        0.39661246468000005,
        0.39862046468,
        0.39934267368000004,
        0.40062488168000004
      ],
      "memory_usage_byte": [
        38338560,
        38338560,
        38338560,
        38338560,
        38338560
      ],
      "exit_codes": [
        0,
        0,
        0,
        0,
        0
      ]
    }
  ],
  "plur_version": "0.17.2-dev-a80b36b2"
}