{
  "results": [
    {
      "command": "turbo_tests -n 8",
      "mean": 5.23617642796,
      "stddev": 0.06111490644561465,
      "median": 5.21620902496,
      "user": 7.237815153333333,
      "system": 4.19604204,
      "min": 5.18754264996,
      "max": 5.30477760896,
      "times": [
        5.18754264996,
        5.30477760896,
        5.21620902496
      ],
      "exit_codes": [
        0,
        0,
        0
      ]
    },
    {
      "command": "rux -n 8",
      "mean": 8.49964396896,
      "stddev": 0.04888569932165176,
      "median": 8.47419435796,
      "user": 14.720547486666666,
      "system": 8.167436039999998,
      "min": 8.46873335796,
      "max": 8.55600419096,
      "times": [
        8.46873335796,
        8.47419435796,
        8.55600419096
      ],
      "exit_codes": [
        0,
        0,
        0
      ]
    }
  ]
}
