{
  "results": [
    {
      "command": "turbo_tests -n 4",
      "mean": 5.18594747171,
      "stddev": 0.029902625322827753,
      "median": 5.17873335106,
      "user": 6.607612549999999,
      "system": 3.06103383,
      "min": 5.15373180956,
      "max": 5.26855947656,
      "times": [
        5.2169883095600005,
        5.22945793356,
        5.172034351560001,
        5.15373180956,
        5.19723060056,
        5.1845235585600005,
        5.16530305956,
        5.17873818456,
        5.17989105956,
        5.174758225560001,
        5.164763267560001,
        5.178728517560001,
        5.157803475560001,
        5.15497564256,
        5.18920030856,
        5.2314432255600005,
        5.16337310056,
        5.16530130956,
        5.19214401756,
        5.26855947656
      ],
      "exit_codes": [
        0,
        0,
        0,
        0,
        0,
        0,
        0,
        0,
        0,
        0,
        0,
        0,
        0,
        0,
        0,
        0,
        0,
        0,
        0,
        0
      ]
    },
    {
      "command": "/Users/rsanheim/src/oss/rux-meta/rux/rux -n 4",
      "mean": 8.17443904046,
      "stddev": 0.03967656258858707,
      "median": 8.16586637156,
      "user": 10.720350750000001,
      "system": 4.251458329999999,
      "min": 8.11963051756,
      "max": 8.26347126756,
      "times": [
        8.11963051756,
        8.19535680856,
        8.150045601559999,
        8.12335868356,
        8.137519850559999,
        8.169094058559999,
        8.207016100559999,
        8.20329376756,
        8.19363989256,
        8.26347126756,
        8.12022818456,
        8.13189851756,
        8.15763135156,
        8.15737876756,
        8.19428376756,
        8.210672642559999,
        8.22573310156,
        8.212440017559999,
        8.16263868456,
        8.15344922556
      ],
      "exit_codes": [
        0,
        0,
        0,
        0,
        0,
        0,
        0,
        0,
        0,
        0,
        0,
        0,
        0,
        0,
        0,
        0,
        0,
        0,
        0,
        0
      ]
    }
  ],
  "rux_version": "rux version v0.6.1-20250528-1538-63343deb7"
}
