{
  "results": [
    {
      "command": "turbo_tests -n 8",
      "mean": 5.362753963219999,
      "stddev": 0.01059732302396225,
      "median": 5.36249368002,
      "user": 7.433975940000001,
      "system": 4.30149664,
      "min": 5.34978051302,
      "max": 5.37830722202,
      "times": [
        5.35733738802,
        5.36249368002,
        5.36585101302,
        5.37830722202,
        5.34978051302
      ],
      "exit_codes": [
        0,
        0,
        0,
        0,
        0
      ]
    },
    {
      "command": "/Users/rsanheim/src/oss/rux-meta/rux/rux -n 8",
      "mean": 5.26332181322,
      "stddev": 0.032975731994228236,
      "median": 5.26458759602,
      "user": 7.31160154,
      "system": 4.13405624,
      "min": 5.22308113802,
      "max": 5.30623226402,
      "times": [
        5.22308113802,
        5.28232580502,
        5.30623226402,
        5.26458759602,
        5.24038226302
      ],
      "exit_codes": [
        0,
        0,
        0,
        0,
        0
      ]
    }
  ],
  "rux_version": "v0.7.6-0.20250702075847-9b80cde27ccd"
}