{
  "results": [
    {
      "command": "turbo_tests -n 8",
      "mean": 0.85430640246,
      "stddev": 0.014706393523641139,
      "median": 0.85745382746,
      "user": 1.6449934799999997,
      "system": 2.9187974199999998,
      "min": 0.83359586946,
      "max": 0.87063070246,
      "times": [
        0.84600870246,
        0.86384291046,
        0.83359586946,
        0.85745382746,
        0.87063070246
      ],
      "memory_usage_byte": [
        38895616,
        38895616,
        38895616,
        38895616,
        38895616
      ],
      "exit_codes": [
        0,
        0,
        0,
        0,
        0
      ]
    },
    {
      "command": "plur -n 8",
      "mean": 0.40275258586000007,
      "stddev": 0.006058104486418158,
      "median": 0.40188711946000005,
      "user": 1.52375428,
      "system": 1.33373882,
      "min": 0.39474599446,
      "max": 0.41151516046000003,
      "times": [
        0.40441345246000004,
        0.40188711946000005,
        0.41151516046000003,
        0.40120120246,
        0.39474599446
      ],
      "memory_usage_byte": [
        38895616,
        38895616,
        38895616,
        38895616,
        38895616
      ],
      "exit_codes": [
        0,
        0,
        0,
        0,
        0
      ]
    }
  ],
  "plur_version": "0.17.2-dev-a80b36b2"
}