{
  "results": [
    {
      "command": "turbo_tests -n 8",
      "mean": 5.577455728373334,
      "stddev": 0.033929661879700805,
      "median": 5.5770536450399995,
      "user": 7.55243668,
      "system": 4.578439599999999,
      "min": 5.54372889504,
      "max": 5.61158464504,
      "times": [
        5.5770536450399995,
        5.54372889504,
        5.61158464504
      ],
      "exit_codes": [
        0,
        0,
        0
      ]
    },
    {
      "command": "/Users/rsanheim/src/oss/rux-meta/rux/rux -n 8",
      "mean": 8.318848714373333,
      "stddev": 0.0313450550016155,
      "median": 8.31100743704,
      "user": 11.637835346666668,
      "system": 5.5474065999999995,
      "min": 8.29216872804,
      "max": 8.35336997804,
      "times": [
        8.29216872804,
        8.35336997804,
        8.31100743704
      ],
      "exit_codes": [
        0,
        0,
        0
      ]
    }
  ],
  "rux_version": "rux version v0.6.0-20250528-1247-e136b36f4"
}
