{
  "results": [
    {
      "command": "turbo_tests -n 8",
      "mean": 0.35866599581333336,
      "stddev": 0.008924754931275885,
      "median": 0.35408266248000003,
      "user": 0.8728159133333332,
      "system": 0.9324436066666665,
      "min": 0.35296416248000007,
      "max": 0.36895116248000004,
      "times": [
        0.35296416248000007,
        0.35408266248000003,
        0.36895116248000004
      ],
      "exit_codes": [
        0,
        0,
        0
      ]
    },
    {
      "command": "rux -n 8",
      "mean": 0.4048424678133334,
      "stddev": 0.002236282996307556,
      "median": 0.40474057948000003,
      "user": 1.4847552466666667,
      "system": 0.8487236066666667,
      "min": 0.40265887048000004,
      "max": 0.40712795348,
      "times": [
        0.40265887048000004,
        0.40712795348,
        0.40474057948000003
      ],
      "exit_codes": [
        0,
        0,
        0
      ]
    }
  ],
  "rux_version": "rux version v0.5.0-20250528-0839-6a0be2fa0"
}
