{
  "results": [
    {
      "command": "turbo_tests -n 8",
      "mean": 17.43676911846,
      "stddev": 0.40580676325393095,
      "median": 17.61918623566,
      "user": 25.126344319999998,
      "system": 19.06907498,
      "min": 16.85437015166,
      "max": 17.81209152666,
      "times": [
        17.71843227666,
        16.85437015166,
        17.17976540166,
        17.61918623566,
        17.81209152666
      ],
      "memory_usage_byte": [
        205078528,
        205078528,
        205078528,
        205078528,
        205078528
      ],
      "exit_codes": [
        1,
        1,
        1,
        1,
        1
      ]
    },
    {
      "command": "plur -n 8",
      "mean": 20.05142481006,
      "stddev": 0.27933951440577415,
      "median": 20.12779890166,
      "user": 31.759875119999997,
      "system": 16.98807278,
      "min": 19.563308568660002,
      "max": 20.25840077666,
      "times": [
        20.10782885966,
        19.563308568660002,
        20.19978694366,
        20.12779890166,
        20.25840077666
      ],
      "memory_usage_byte": [
        205078528,
        205078528,
        205078528,
        205078528,
        205078528
      ],
      "exit_codes": [
        0,
        0,
        0,
        0,
        0
      ]
    }
  ],
  "plur_version": "0.17.2-dev-a80b36b2"
}