{
  "results": [
    {
      "command": "turbo_tests -n 4",
      "mean": 5.188650381113333,
      "stddev": 0.017495355190884826,
      "median": 5.179128297779999,
      "user": 6.61518116,
      "system": 3.06134888,
      "min": 5.177981422779999,
      "max": 5.20884142278,
      "times": [
        5.20884142278,
        5.177981422779999,
        5.179128297779999
      ],
      "exit_codes": [
        0,
        0,
        0
      ]
    },
    {
      "command": "/Users/rsanheim/src/oss/rux-meta/rux/rux -n 4",
      "mean": 8.157497395446667,
      "stddev": 0.017970390799901804,
      "median": 8.16020975678,
      "user": 10.726217826666664,
      "system": 4.220610546666666,
      "min": 8.138325006779999,
      "max": 8.17395742278,
      "times": [
        8.138325006779999,
        8.17395742278,
        8.16020975678
      ],
      "exit_codes": [
        0,
        0,
        0
      ]
    }
  ],
  "rux_version": "rux version v0.6.1-20250528-1538-63343deb7"
}
