{
  "results": [
    {
      "command": "turbo_tests -n 4",
      "mean": 5.183927893426667,
      "stddev": 0.011597311760411932,
      "median": 5.18883344876,
      "user": 6.6233986133333325,
      "system": 3.0521378133333332,
      "min": 5.17068394876,
      "max": 5.19226628276,
      "times": [
        5.19226628276,
        5.18883344876,
        5.17068394876
      ],
      "exit_codes": [
        0,
        0,
        0
      ]
    },
    {
      "command": "/Users/rsanheim/src/oss/rux-meta/rux/rux -n 4",
      "mean": 8.205034157759998,
      "stddev": 0.03909943130025518,
      "median": 8.18991303276,
      "user": 10.75629428,
      "system": 4.291197146666666,
      "min": 8.175753449759998,
      "max": 8.249435990759999,
      "times": [
        8.249435990759999,
        8.175753449759998,
        8.18991303276
      ],
      "exit_codes": [
        0,
        0,
        0
      ]
    }
  ],
  "rux_version": "rux version v0.6.1-20250528-1324-173726dad"
}
