{
  "commit": "6a0be2fa00b526536c6c65d79fef9e3dee3acab2",
  "timestamp": "20250528-083929",
  "rux_version": "rux version v0.5.0-20250528-0839-6a0be2fa0",
  "rux_ruby": {
  "results": [
    {
      "command": "turbo_tests -n 8",
      "mean": 0.35866599581333336,
      "stddev": 0.008924754931275885,
      "median": 0.35408266248000003,
      "user": 0.8728159133333332,
      "system": 0.9324436066666665,
      "min": 0.35296416248000007,
      "max": 0.36895116248000004,
      "times": [
        0.35296416248000007,
        0.35408266248000003,
        0.36895116248000004
      ],
      "exit_codes": [
        0,
        0,
        0
      ]
    },
    {
      "command": "rux -n 8",
      "mean": 0.4048424678133334,
      "stddev": 0.002236282996307556,
      "median": 0.40474057948000003,
      "user": 1.4847552466666667,
      "system": 0.8487236066666667,
      "min": 0.40265887048000004,
      "max": 0.40712795348,
      "times": [
        0.40265887048000004,
        0.40712795348,
        0.40474057948000003
      ],
      "exit_codes": [
        0,
        0,
        0
      ]
    }
  ],
  "rux_version": "rux version v0.5.0-20250528-0839-6a0be2fa0"
},
  "example-project": {
  "results": [
    {
      "command": "turbo_tests -n 8",
      "mean": 5.453055767913334,
      "stddev": 0.03864063030132084,
      "median": 5.45504393458,
      "user": 7.4183576066666665,
      "system": 4.439511899999999,
      "min": 5.41345943458,
      "max": 5.490663934580001,
      "times": [
        5.41345943458,
        5.490663934580001,
        5.45504393458
      ],
      "exit_codes": [
        0,
        0,
        0
      ]
    },
    {
      "command": "rux -n 8",
      "mean": 8.998675698246666,
      "stddev": 0.1132525148193423,
      "median": 8.96289122558,
      "user": 15.146332606666666,
      "system": 8.9297299,
      "min": 8.90763797658,
      "max": 9.12549789258,
      "times": [
        8.96289122558,
        8.90763797658,
        9.12549789258
      ],
      "exit_codes": [
        0,
        0,
        0
      ]
    }
  ],
  "rux_version": "rux version v0.5.0-20250528-0839-6a0be2fa0"
}
}
