{
  "commit": "fed0c4bbde0e4d809fb686a013c0150b3a1c91cf",
  "timestamp": "20250528-210657",
  "rux_version": "rux version v0.6.2-20250528-2105-f29b08576",
  "rux_ruby": {
  "results": [
    {
      "command": "turbo_tests -n 8",
      "mean": 0.36626693314666675,
      "stddev": 0.0023619085191950943,
      "median": 0.36509312748000006,
      "user": 0.8813440266666666,
      "system": 0.9563644733333332,
      "min": 0.36472187748000007,
      "max": 0.3689857944800001,
      "times": [
        0.36472187748000007,
        0.36509312748000006,
        0.3689857944800001
      ],
      "exit_codes": [
        0,
        0,
        0
      ]
    },
    {
      "command": "/Users/rsanheim/src/oss/rux-meta/rux/rux -n 8",
      "mean": 0.24791116948,
      "stddev": 0.0002981054958215312,
      "median": 0.24794133648000002,
      "user": 1.1125700266666667,
      "system": 0.74721714,
      "min": 0.24759912748,
      "max": 0.24819304447999999,
      "times": [
        0.24794133648000002,
        0.24759912748,
        0.24819304447999999
      ],
      "exit_codes": [
        0,
        0,
        0
      ]
    }
  ],
  "rux_version": "rux version v0.6.2-20250528-2105-f29b08576"
},
  "example-project": {
  "results": [
    {
      "command": "turbo_tests -n 8",
      "mean": 5.558851213499999,
      "stddev": 0.059096755043130215,
      "median": 5.5475968105,
      "user": 7.50878658,
      "system": 4.57388204,
      "min": 5.506190935499999,
      "max": 5.6227658945,
      "times": [
        5.5475968105,
        5.6227658945,
        5.506190935499999
      ],
      "exit_codes": [
        0,
        0,
        0
      ]
    },
    {
      "command": "/Users/rsanheim/src/oss/rux-meta/rux/rux -n 8",
      "mean": 8.2976516995,
      "stddev": 0.031570625122401864,
      "median": 8.292938102499999,
      "user": 11.612638913333333,
      "system": 5.487132373333332,
      "min": 8.2687028935,
      "max": 8.3313141025,
      "times": [
        8.2687028935,
        8.3313141025,
        8.292938102499999
      ],
      "exit_codes": [
        0,
        0,
        0
      ]
    }
  ],
  "rux_version": "rux version v0.6.2-20250528-2105-f29b08576"
}
}
