{
  "results": [
    {
      "command": "turbo_tests -n 8",
      "mean": 0.36595387928000006,
      "stddev": 0.0029106140124119245,
      "median": 0.36684406248000007,
      "user": 0.8929290999999999,
      "system": 0.98638508,
      "min": 0.36206606248000006,
      "max": 0.36930443748,
      "times": [
        0.36394839648000005,
        0.36206606248000006,
        0.36684406248000007,
        0.36760643748000005,
        0.36930443748
      ],
      "exit_codes": [
        0,
        0,
        0,
        0,
        0
      ]
    },
    {
      "command": "/Users/rsanheim/src/oss/rux-meta/rux/rux -n 8",
      "mean": 0.25067020428000003,
      "stddev": 0.0010202647391296242,
      "median": 0.25058706248,
      "user": 1.1303765,
      "system": 0.74385568,
      "min": 0.24984522948000001,
      "max": 0.25236710448000005,
      "times": [
        0.25058706248,
        0.25236710448000005,
        0.25065377048000004,
        0.24989785448,
        0.24984522948000001
      ],
      "exit_codes": [
        0,
        0,
        0,
        0,
        0
      ]
    }
  ],
  "rux_version": "v0.7.6-0.20250702075847-9b80cde27ccd"
}