{
  "results": [
    {
      "command": "turbo_tests -n 8",
      "mean": 5.558851213499999,
      "stddev": 0.059096755043130215,
      "median": 5.5475968105,
      "user": 7.50878658,
      "system": 4.57388204,
      "min": 5.506190935499999,
      "max": 5.6227658945,
      "times": [
        5.5475968105,
        5.6227658945,
        5.506190935499999
      ],
      "exit_codes": [
        0,
        0,
        0
      ]
    },
    {
      "command": "/Users/rsanheim/src/oss/rux-meta/rux/rux -n 8",
      "mean": 8.2976516995,
      "stddev": 0.031570625122401864,
      "median": 8.292938102499999,
      "user": 11.612638913333333,
      "system": 5.487132373333332,
      "min": 8.2687028935,
      "max": 8.3313141025,
      "times": [
        8.2687028935,
        8.3313141025,
        8.292938102499999
      ],
      "exit_codes": [
        0,
        0,
        0
      ]
    }
  ],
  "rux_version": "rux version v0.6.2-20250528-2105-f29b08576"
}
