{
  "results": [
    {
      "command": "turbo_tests -n 8",
      "mean": 11.178504582379999,
      "stddev": 0.13060518735145205,
      "median": 11.15565264918,
      "user": 12.926276179999999,
      "system": 12.54574368,
      "min": 11.00244135818,
      "max": 11.34876523218,
      "times": [
        11.132370440179999,
        11.15565264918,
        11.253293232179999,
        11.34876523218,
        11.00244135818
      ],
      "memory_usage_byte": [
        45449216,
        45449216,
        46399488,
        46399488,
        46399488
      ],
      "exit_codes": [
        0,
        0,
        0,
        0,
        0
      ]
    }
  ],
  "plur_version": "0.17.2-dev-a80b36b2"
}