{
  "results": [
    {
      "command": "turbo_tests -n 8",
      "mean": 0.44115488696000005,
      "stddev": 0.008247453669897398,
      "median": 0.44226051136,
      "user": 0.9744264999999999,
      "system": 1.26083436,
      "min": 0.43150972036,
      "max": 0.45288563736,
      "times": [
        0.44226051136,
        0.43150972036,
        0.44375022036,
        0.43536834536,
        0.45288563736
      ],
      "exit_codes": [
        0,
        0,
        0,
        0,
        0
      ]
    },
    {
      "command": "/Users/rsanheim/src/oss/rux-meta/rux/rux -n 8",
      "mean": 0.33741251176,
      "stddev": 0.006262028011864461,
      "median": 0.33557363636,
      "user": 1.1974207,
      "system": 0.9158841600000001,
      "min": 0.33035659536,
      "max": 0.34729413736,
      "times": [
        0.34729413736,
        0.33525309436,
        0.33858509536,
        0.33557363636,
        0.33035659536
      ],
      "exit_codes": [
        0,
        0,
        0,
        0,
        0
      ]
    }
  ],
  "rux_version": "rux version v0.6.9-0.20250612175125-35e8d4ce525e"
}
