{
  "results": [
    {
      "command": "turbo_tests -n 4",
      "mean": 5.389360973146666,
      "stddev": 0.15305952085400576,
      "median": 5.33790995948,
      "user": 6.7552268333333325,
      "system": 3.2928295533333327,
      "min": 5.26865625148,
      "max": 5.56151670848,
      "times": [
        5.56151670848,
        5.33790995948,
        5.26865625148
      ],
      "exit_codes": [
        0,
        0,
        0
      ]
    }
  ]
}
