{
  "results": [
    {
      "command": "turbo_tests -n 8",
      "mean": 6.2272719508,
      "stddev": 0.03452817296168617,
      "median": 6.2259723342,
      "user": 8.240846,
      "system": 5.39278384,
      "min": 6.1823330012,
      "max": 6.273353376199999,
      "times": [
        6.2096860002,
        6.273353376199999,
        6.2259723342,
        6.2450150422,
        6.1823330012
      ],
      "exit_codes": [
        0,
        0,
        0,
        0,
        0
      ]
    },
    {
      "command": "/Users/rsanheim/src/oss/rux-meta/rux/rux -n 8",
      "mean": 6.038748842399999,
      "stddev": 0.04648829775966781,
      "median": 6.011429209199999,
      "user": 8.026478000000001,
      "system": 5.04262384,
      "min": 6.002773042199999,
      "max": 6.1083014172,
      "times": [
        6.011429209199999,
        6.0060661672,
        6.002773042199999,
        6.0651743762,
        6.1083014172
      ],
      "exit_codes": [
        0,
        0,
        0,
        0,
        0
      ]
    }
  ],
  "rux_version": "v0.7.6-0.20250622091040-44c90fab3b1b+dirty"
}