{
  "results": [
    {
      "command": "turbo_tests -n 8",
      "mean": 6.1548763078799995,
      "stddev": 0.027749615811452678,
      "median": 6.1548438248799995,
      "user": 8.150542419999999,
      "system": 5.329363159999999,
      "min": 6.114588865879999,
      "max": 6.1893214498799995,
      "times": [
        6.114588865879999,
        6.1548438248799995,
        6.16906894988,
        6.14655844888,
        6.1893214498799995
      ],
      "exit_codes": [
        0,
        0,
        0,
        0,
        0
      ]
    },
    {
      "command": "/Users/rsanheim/src/oss/rux-meta/rux/rux -n 8",
      "mean": 9.11370331548,
      "stddev": 0.038063648819893305,
      "median": 9.13239332388,
      "user": 12.34986222,
      "system": 6.39080416,
      "min": 9.05436836588,
      "max": 9.14415640688,
      "times": [
        9.05436836588,
        9.14054878188,
        9.13239332388,
        9.14415640688,
        9.097049698880001
      ],
      "exit_codes": [
        0,
        0,
        0,
        0,
        0
      ]
    }
  ],
  "rux_version": "rux version v0.6.9-0.20250612175125-35e8d4ce525e"
}
