{
  "commit": "007e27d08abdb46093f3055b3c9438dae70d72de",
  "timestamp": "20250528-071115",
  "rux_ruby": {
  "results": [
    {
      "command": "turbo_tests -n 8",
      "mean": 0.34938984805333334,
      "stddev": 0.0011547226770741723,
      "median": 0.34939657072,
      "user": 0.8800048666666666,
      "system": 0.8779010666666666,
      "min": 0.34823177872000005,
      "max": 0.35054119472000006,
      "times": [
        0.34939657072,
        0.34823177872000005,
        0.35054119472000006
      ],
      "exit_codes": [
        0,
        0,
        0
      ]
    },
    {
      "command": "rux -n 8",
      "mean": 0.41027013972,
      "stddev": 0.0011730359729100175,
      "median": 0.40995919472000003,
      "user": 1.4866255333333331,
      "system": 0.8651543999999999,
      "min": 0.40928390372000006,
      "max": 0.41156732072,
      "times": [
        0.41156732072,
        0.40995919472000003,
        0.40928390372000006
      ],
      "exit_codes": [
        0,
        0,
        0
      ]
    }
  ]
},
  "example-project": {
  "results": [
    {
      "command": "turbo_tests -n 8",
      "mean": 5.3558926158333335,
      "stddev": 0.024065817383209124,
      "median": 5.3448099495,
      "user": 7.367216146666666,
      "system": 4.29328788,
      "min": 5.3393648655,
      "max": 5.3835030325,
      "times": [
        5.3448099495,
        5.3835030325,
        5.3393648655
      ],
      "exit_codes": [
        0,
        0,
        0
      ]
    },
    {
      "command": "rux -n 8",
      "mean": 8.496345518833332,
      "stddev": 0.06323906538374911,
      "median": 8.5005924495,
      "user": 14.71269048,
      "system": 8.192591213333335,
      "min": 8.431090032499998,
      "max": 8.5573540745,
      "times": [
        8.5573540745,
        8.431090032499998,
        8.5005924495
      ],
      "exit_codes": [
        0,
        0,
        0
      ]
    }
  ]
}
}
