{
  "results": [
    {
      "command": "turbo_tests -n 8",
      "mean": 0.44059114109999997,
      "stddev": 0.0030895433253554927,
      "median": 0.44111779090000003,
      "user": 1.01081446,
      "system": 1.30258634,
      "min": 0.43730320790000005,
      "max": 0.44359241590000004,
      "times": [
        0.44111779090000003,
        0.4374664159,
        0.4434758749,
        0.44359241590000004,
        0.43730320790000005
      ],
      "exit_codes": [
        0,
        0,
        0,
        0,
        0
      ]
    },
    {
      "command": "/Users/rsanheim/src/oss/rux-meta/rux/rux -n 8",
      "mean": 0.2768209911,
      "stddev": 0.002286760753468033,
      "median": 0.2775051249,
      "user": 1.1856532599999998,
      "system": 0.8829697400000001,
      "min": 0.2740723319,
      "max": 0.2792574579,
      "times": [
        0.2784908749,
        0.2775051249,
        0.2792574579,
        0.2747791659,
        0.2740723319
      ],
      "exit_codes": [
        0,
        0,
        0,
        0,
        0
      ]
    }
  ],
  "rux_version": "v0.7.3-0.20250621080051-a021c9f64392+dirty"
}