{
  "results": [
    {
      "command": "turbo_tests -n 8",
      "mean": 0.36626693314666675,
      "stddev": 0.0023619085191950943,
      "median": 0.36509312748000006,
      "user": 0.8813440266666666,
      "system": 0.9563644733333332,
      "min": 0.36472187748000007,
      "max": 0.3689857944800001,
      "times": [
        0.36472187748000007,
        0.36509312748000006,
        0.3689857944800001
      ],
      "exit_codes": [
        0,
        0,
        0
      ]
    },
    {
      "command": "/Users/rsanheim/src/oss/rux-meta/rux/rux -n 8",
      "mean": 0.24791116948,
      "stddev": 0.0002981054958215312,
      "median": 0.24794133648000002,
      "user": 1.1125700266666667,
      "system": 0.74721714,
      "min": 0.24759912748,
      "max": 0.24819304447999999,
      "times": [
        0.24794133648000002,
        0.24759912748,
        0.24819304447999999
      ],
      "exit_codes": [
        0,
        0,
        0
      ]
    }
  ],
  "rux_version": "rux version v0.6.2-20250528-2105-f29b08576"
}
