{
  "results": [
    {
      "command": "turbo_tests -n 8",
      "mean": 0.3522043874466667,
      "stddev": 0.002450634950672639,
      "median": 0.35175609578,
      "user": 0.8669138866666666,
      "system": 0.9137713199999999,
      "min": 0.35000884578,
      "max": 0.35484822078,
      "times": [
        0.35175609578,
        0.35000884578,
        0.35484822078
      ],
      "exit_codes": [
        0,
        0,
        0
      ]
    },
    {
      "command": "rux -n 8",
      "mean": 0.40675630444666666,
      "stddev": 0.002523518281977016,
      "median": 0.40710767978,
      "user": 1.4866848866666666,
      "system": 0.8482189866666667,
      "min": 0.40407551278000003,
      "max": 0.40908572078,
      "times": [
        0.40407551278000003,
        0.40710767978,
        0.40908572078
      ],
      "exit_codes": [
        0,
        0,
        0
      ]
    }
  ],
  "rux_version": "rux version v0.5.0-20250528-0839-6a0be2fa0"
}
