{
  "results": [
    {
      "command": "turbo_tests -n 4",
      "mean": 6.185359229179999,
      "stddev": 0.03112484852462183,
      "median": 6.199120854179999,
      "user": 7.5198098,
      "system": 3.9789642933333327,
      "min": 6.149725687179999,
      "max": 6.20723114618,
      "times": [
        6.199120854179999,
        6.20723114618,
        6.149725687179999
      ],
      "exit_codes": [
        0,
        0,
        0
      ]
    },
    {
      "command": "rux -n 4",
      "mean": 9.159916617846667,
      "stddev": 0.041025877249408885,
      "median": 9.156646604179999,
      "user": 11.4690408,
      "system": 5.247818959999999,
      "min": 9.12062360418,
      "max": 9.20247964518,
      "times": [
        9.156646604179999,
        9.12062360418,
        9.20247964518
      ],
      "exit_codes": [
        0,
        0,
        0
      ]
    }
  ]
}
